{"cameraMode":{"drawMode":0,"name":"Shaded","section":"Shading Mode"},"sceneLighting":true,"audioPlay":false,"sceneViewState":{"m_AlwaysRefresh":false,"showFog":true,"showSkybox":true,"showFlares":true,"showImageEffects":true,"showParticleSystems":true,"showVisualEffectGraphs":true,"m_FxEnabled":true},"in2DMode":false,"pivot":{"x":3.2243266105651857,"y":0.21670497953891755,"z":-6.465878963470459},"rotation":{"x":-0.03046056628227234,"y":-0.9392266273498535,"z":0.08647505193948746,"w":-0.33087652921676638},"size":3.829505681991577,"orthographic":false}