{"cameraMode":{"drawMode":0,"name":"Shaded","section":"Shading Mode"},"sceneLighting":true,"audioPlay":false,"sceneViewState":{"m_AlwaysRefresh":false,"showFog":true,"showSkybox":true,"showFlares":true,"showImageEffects":true,"showParticleSystems":true,"showVisualEffectGraphs":true,"m_FxEnabled":true},"in2DMode":false,"pivot":{"x":1.0720291137695313,"y":-2.0720107555389406,"z":20.899309158325197},"rotation":{"x":-0.09146919846534729,"y":0.008380734361708165,"z":-0.0007539186626672745,"w":-0.9958181977272034},"size":10.411371231079102,"orthographic":false}