{"cameraMode":{"drawMode":0,"name":"Shaded","section":"Shading Mode"},"sceneLighting":true,"audioPlay":false,"sceneViewState":{"m_AlwaysRefresh":false,"showFog":true,"showSkybox":true,"showFlares":true,"showImageEffects":true,"showParticleSystems":true,"showVisualEffectGraphs":true,"m_FxEnabled":true},"in2DMode":false,"pivot":{"x":0.012616250663995743,"y":1.651275873184204,"z":-2.416703462600708},"rotation":{"x":0.005647304467856884,"y":-0.9888643622398377,"z":0.14370247721672059,"w":0.03887384757399559},"size":1.7177752256393433,"orthographic":false}