{"cameraMode":{"drawMode":0,"name":"Shaded","section":"Shading Mode"},"sceneLighting":false,"audioPlay":false,"sceneViewState":{"m_AlwaysRefresh":false,"showFog":true,"showSkybox":false,"showFlares":true,"showImageEffects":true,"showParticleSystems":true,"showVisualEffectGraphs":true,"m_FxEnabled":true},"in2DMode":false,"pivot":{"x":0.04074908792972565,"y":0.14888432621955872,"z":-0.51188725233078},"rotation":{"x":0.01795125938951969,"y":-0.9774593710899353,"z":0.09295225888490677,"w":0.18878643214702607},"size":1.8064281940460206,"orthographic":false}