{"cameraMode":{"drawMode":0,"name":"Shaded","section":"Shading Mode"},"sceneLighting":false,"audioPlay":false,"sceneViewState":{"m_AlwaysRefresh":false,"showFog":true,"showSkybox":false,"showFlares":true,"showImageEffects":true,"showParticleSystems":true,"showVisualEffectGraphs":true,"m_FxEnabled":true},"in2DMode":false,"pivot":{"x":0.16040785610675813,"y":0.2039414495229721,"z":0.3887980580329895},"rotation":{"x":0.002654340583831072,"y":-0.9969428777694702,"z":0.03911442309617996,"w":0.06765130162239075},"size":0.8010820746421814,"orthographic":false}